{
  "tags": {
    "allowUnknownTags": true
  },
  "opts": {
    "template": "node_modules/foodoc/template",
    "destination": "./docs",
    "readme": "./DOCS.md",
    "tutorials": "./tutorials"
  },
  "plugins": [
    "plugins/markdown"
  ],
  "templates": {
    "cleverLinks": false,
    "monospaceLinks": false,
    "default": {
      "outputSourceFiles": true
    },
    "includeDate": false,
    "dateFormat": "",
    "path": "ink-docstrap",
    "theme": "cerulean",
    "navType": "vertical",
    "linenums": true,
	"systemName": "Zere's Plugin Library",
    "systemSummary": "A set of helpful utilities and tools for BD plugins.",
    "copyright": "Copyright © 2018-2020 Zack Rauen"
  },
  "source": {
    "includePattern": ".+.js(doc)?$",
    "excludePattern": "(^|/|\\\\)_"
    }
}